,saversion,saverest,areasymbol,areaname,lkey,musym,muname,museq,mukey,comppct_r,compname,localphase,slope_r,cokey,hzdept_r,hzdepb_r,ksat_r,sandtotal_r,claytotal_r,silttotal_r,dbthirdbar_r,partdensity,wsatiated_r,chkey
0,20,9/12/2022 10:34:21 AM,NC113,"Macon County, North Carolina",14802,BuD,"Burton-Craggey-Rock outcrop complex, windswept, 15 to 30 percent slopes, stony",11,545800,35,Craggey,windswept,23.0,23377156,0.0,43.0,28.0,67.2,17.5,15.3,1.2,,29.0,69278532
1,20,9/12/2022 10:34:21 AM,NC113,"Macon County, North Carolina",14802,BuD,"Burton-Craggey-Rock outcrop complex, windswept, 15 to 30 percent slopes, stony",11,545800,35,Craggey,windswept,23.0,23377156,43.0,203.0,0.0,,,,,,,69278531
2,20,9/12/2022 10:34:21 AM,NC113,"Macon County, North Carolina",14802,BuD,"Burton-Craggey-Rock outcrop complex, windswept, 15 to 30 percent slopes, stony",11,545800,45,Burton,windswept,23.0,23377157,0.0,46.0,28.0,65.7,11.5,22.8,1.2,,38.0,69278534
3,20,9/12/2022 10:34:21 AM,NC113,"Macon County, North Carolina",14802,BuD,"Burton-Craggey-Rock outcrop complex, windswept, 15 to 30 percent slopes, stony",11,545800,45,Burton,windswept,23.0,23377157,46.0,91.0,28.0,65.7,11.5,22.8,1.55,,26.0,69278535
4,20,9/12/2022 10:34:21 AM,NC113,"Macon County, North Carolina",14802,BuD,"Burton-Craggey-Rock outcrop complex, windswept, 15 to 30 percent slopes, stony",11,545800,45,Burton,windswept,23.0,23377157,91.0,203.0,0.0,,,,,,,69278533
5,20,9/12/2022 10:34:21 AM,NC113,"Macon County, North Carolina",14802,BuD,"Burton-Craggey-Rock outcrop complex, windswept, 15 to 30 percent slopes, stony",11,545800,15,Rock outcrop,,,23377158,0.0,203.0,0.035,,,,,,,69278536
6,20,9/12/2022 10:34:21 AM,NC113,"Macon County, North Carolina",14802,BuF,"Burton-Craggey-Rock outcrop complex, windswept, 30 to 95 percent slopes, stony",12,545801,35,Craggey,windswept,63.0,23377028,0.0,43.0,28.0,67.2,17.5,15.3,1.2,,29.0,69278123
7,20,9/12/2022 10:34:21 AM,NC113,"Macon County, North Carolina",14802,BuF,"Burton-Craggey-Rock outcrop complex, windswept, 30 to 95 percent slopes, stony",12,545801,35,Craggey,windswept,63.0,23377028,43.0,203.0,0.0,,,,,,,69278124
8,20,9/12/2022 10:34:21 AM,NC113,"Macon County, North Carolina",14802,BuF,"Burton-Craggey-Rock outcrop complex, windswept, 30 to 95 percent slopes, stony",12,545801,20,Rock outcrop,,,23377029,0.0,203.0,0.035,,,,,,,69278125
9,20,9/12/2022 10:34:21 AM,NC113,"Macon County, North Carolina",14802,BuF,"Burton-Craggey-Rock outcrop complex, windswept, 30 to 95 percent slopes, stony",12,545801,40,Burton,windswept,63.0,23377030,0.0,46.0,28.0,65.7,11.5,22.8,1.2,,38.0,69278126
10,20,9/12/2022 10:34:21 AM,NC113,"Macon County, North Carolina",14802,BuF,"Burton-Craggey-Rock outcrop complex, windswept, 30 to 95 percent slopes, stony",12,545801,40,Burton,windswept,63.0,23377030,46.0,91.0,28.0,65.7,11.5,22.8,1.55,,25.0,69278127
11,20,9/12/2022 10:34:21 AM,NC113,"Macon County, North Carolina",14802,BuF,"Burton-Craggey-Rock outcrop complex, windswept, 30 to 95 percent slopes, stony",12,545801,40,Burton,windswept,63.0,23377030,91.0,203.0,0.0,,,,,,,69278128
12,20,9/12/2022 10:34:21 AM,NC113,"Macon County, North Carolina",14802,CaF,"Cashiers gravelly fine sandy loam, 50 to 95 percent slopes",14,545803,80,Cashiers,,63.0,23377159,0.0,20.0,28.0,67.5,11.5,21.0,1.4,,28.0,69278537
13,20,9/12/2022 10:34:21 AM,NC113,"Macon County, North Carolina",14802,CaF,"Cashiers gravelly fine sandy loam, 50 to 95 percent slopes",14,545803,80,Cashiers,,63.0,23377159,20.0,124.0,28.0,67.5,11.5,21.0,1.4,,39.0,69278538
14,20,9/12/2022 10:34:21 AM,NC113,"Macon County, North Carolina",14802,CaF,"Cashiers gravelly fine sandy loam, 50 to 95 percent slopes",14,545803,80,Cashiers,,63.0,23377159,124.0,203.0,28.0,65.7,11.5,22.8,1.4,,39.0,69278539
15,20,9/12/2022 10:34:21 AM,NC113,"Macon County, North Carolina",14802,CdD,"Chandler gravelly fine sandy loam, 15 to 30 percent slopes",16,545805,80,Chandler,,23.0,23377160,0.0,13.0,28.0,67.5,11.5,21.0,1.4,,31.0,69278540
16,20,9/12/2022 10:34:21 AM,NC113,"Macon County, North Carolina",14802,CdD,"Chandler gravelly fine sandy loam, 15 to 30 percent slopes",16,545805,80,Chandler,,23.0,23377160,13.0,203.0,28.0,45.3,11.5,43.2,1.4,,39.0,69278541
17,20,9/12/2022 10:34:21 AM,NC113,"Macon County, North Carolina",14802,CdE,"Chandler gravelly fine sandy loam, 30 to 50 percent slopes",17,545806,80,Chandler,,40.0,23377116,0.0,13.0,28.0,67.5,11.5,21.0,1.4,,31.0,69278412
18,20,9/12/2022 10:34:21 AM,NC113,"Macon County, North Carolina",14802,CdE,"Chandler gravelly fine sandy loam, 30 to 50 percent slopes",17,545806,80,Chandler,,40.0,23377116,13.0,203.0,28.0,45.3,11.5,43.2,1.4,,39.0,69278413
19,20,9/12/2022 10:34:21 AM,NC113,"Macon County, North Carolina",14802,CdF,"Chandler gravelly fine sandy loam, 50 to 95 percent slopes",18,545807,80,Chandler,,63.0,23377161,0.0,13.0,28.0,67.5,11.5,21.0,1.4,,31.0,69278542
20,20,9/12/2022 10:34:21 AM,NC113,"Macon County, North Carolina",14802,CdF,"Chandler gravelly fine sandy loam, 50 to 95 percent slopes",18,545807,80,Chandler,,63.0,23377161,13.0,203.0,28.0,45.3,11.5,43.2,1.4,,39.0,69278543
21,20,9/12/2022 10:34:21 AM,NC113,"Macon County, North Carolina",14802,CnD,"Chestnut-Edneyville complex, windswept, 15 to 30 percent slopes, stony",22,545811,40,Edneyville,windswept,23.0,23377035,0.0,13.0,28.0,67.5,11.5,21.0,1.5,,34.0,69278143
22,20,9/12/2022 10:34:21 AM,NC113,"Macon County, North Carolina",14802,CnD,"Chestnut-Edneyville complex, windswept, 15 to 30 percent slopes, stony",22,545811,40,Edneyville,windswept,23.0,23377035,13.0,109.0,28.0,70.1,13.5,16.4,1.5,,36.0,69278144
23,20,9/12/2022 10:34:21 AM,NC113,"Macon County, North Carolina",14802,CnD,"Chestnut-Edneyville complex, windswept, 15 to 30 percent slopes, stony",22,545811,40,Edneyville,windswept,23.0,23377035,109.0,203.0,28.0,67.9,12.5,19.6,1.5,,36.0,69278145
24,20,9/12/2022 10:34:21 AM,NC113,"Macon County, North Carolina",14802,CnD,"Chestnut-Edneyville complex, windswept, 15 to 30 percent slopes, stony",22,545811,50,Chestnut,windswept,23.0,23377036,0.0,15.0,28.0,70.9,12.5,16.6,1.48,,29.0,69278147
25,20,9/12/2022 10:34:21 AM,NC113,"Macon County, North Carolina",14802,CnD,"Chestnut-Edneyville complex, windswept, 15 to 30 percent slopes, stony",22,545811,50,Chestnut,windswept,23.0,23377036,15.0,91.0,28.0,68.8,15.0,16.2,1.48,,31.0,69278148
26,20,9/12/2022 10:34:21 AM,NC113,"Macon County, North Carolina",14802,CnD,"Chestnut-Edneyville complex, windswept, 15 to 30 percent slopes, stony",22,545811,50,Chestnut,windswept,23.0,23377036,91.0,203.0,7.0,,,,,,,69278146
27,20,9/12/2022 10:34:21 AM,NC113,"Macon County, North Carolina",14802,CnE,"Chestnut-Edneyville complex, windswept, 30 to 50 percent slopes, stony",23,545812,40,Edneyville,windswept,40.0,23377162,0.0,13.0,28.0,67.5,11.5,21.0,1.5,,34.0,69278544
28,20,9/12/2022 10:34:21 AM,NC113,"Macon County, North Carolina",14802,CnE,"Chestnut-Edneyville complex, windswept, 30 to 50 percent slopes, stony",23,545812,40,Edneyville,windswept,40.0,23377162,13.0,109.0,28.0,70.1,13.5,16.4,1.5,,36.0,69278545
29,20,9/12/2022 10:34:21 AM,NC113,"Macon County, North Carolina",14802,CnE,"Chestnut-Edneyville complex, windswept, 30 to 50 percent slopes, stony",23,545812,40,Edneyville,windswept,40.0,23377162,109.0,203.0,28.0,67.9,12.5,19.6,1.5,,36.0,69278546
30,20,9/12/2022 10:34:21 AM,NC113,"Macon County, North Carolina",14802,CnE,"Chestnut-Edneyville complex, windswept, 30 to 50 percent slopes, stony",23,545812,50,Chestnut,windswept,40.0,23377163,0.0,15.0,28.0,70.9,12.5,16.6,1.48,,29.0,69278548
31,20,9/12/2022 10:34:21 AM,NC113,"Macon County, North Carolina",14802,CnE,"Chestnut-Edneyville complex, windswept, 30 to 50 percent slopes, stony",23,545812,50,Chestnut,windswept,40.0,23377163,15.0,91.0,28.0,68.8,15.0,16.2,1.48,,31.0,69278549
32,20,9/12/2022 10:34:21 AM,NC113,"Macon County, North Carolina",14802,CnE,"Chestnut-Edneyville complex, windswept, 30 to 50 percent slopes, stony",23,545812,50,Chestnut,windswept,40.0,23377163,91.0,203.0,7.0,,,,,,,69278547
33,20,9/12/2022 10:34:21 AM,NC113,"Macon County, North Carolina",14802,CpD,"Cleveland-Chestnut-Rock outcrop complex, windswept, 15 to 30 percent slopes",24,545813,40,Cleveland,windswept,23.0,23377117,0.0,13.0,28.0,67.4,13.0,19.6,1.35,,38.0,69278414
34,20,9/12/2022 10:34:21 AM,NC113,"Macon County, North Carolina",14802,CpD,"Cleveland-Chestnut-Rock outcrop complex, windswept, 15 to 30 percent slopes",24,545813,40,Cleveland,windswept,23.0,23377117,13.0,43.0,28.0,45.4,13.0,41.6,1.35,,40.0,69278415
35,20,9/12/2022 10:34:21 AM,NC113,"Macon County, North Carolina",14802,CpD,"Cleveland-Chestnut-Rock outcrop complex, windswept, 15 to 30 percent slopes",24,545813,40,Cleveland,windswept,23.0,23377117,43.0,203.0,0.03,,,,,,,69278416
36,20,9/12/2022 10:34:21 AM,NC113,"Macon County, North Carolina",14802,CpD,"Cleveland-Chestnut-Rock outcrop complex, windswept, 15 to 30 percent slopes",24,545813,35,Chestnut,windswept,23.0,23377118,0.0,13.0,28.0,70.9,12.5,16.6,1.48,,29.0,69278417
37,20,9/12/2022 10:34:21 AM,NC113,"Macon County, North Carolina",14802,CpD,"Cleveland-Chestnut-Rock outcrop complex, windswept, 15 to 30 percent slopes",24,545813,35,Chestnut,windswept,23.0,23377118,13.0,91.0,28.0,68.8,15.0,16.2,1.48,,30.0,69278418
38,20,9/12/2022 10:34:21 AM,NC113,"Macon County, North Carolina",14802,CpD,"Cleveland-Chestnut-Rock outcrop complex, windswept, 15 to 30 percent slopes",24,545813,35,Chestnut,windswept,23.0,23377118,91.0,203.0,7.0,,,,,,,69278419
39,20,9/12/2022 10:34:21 AM,NC113,"Macon County, North Carolina",14802,CpD,"Cleveland-Chestnut-Rock outcrop complex, windswept, 15 to 30 percent slopes",24,545813,15,Rock outcrop,,,23377119,0.0,203.0,0.035,,,,,,,69278420
40,20,9/12/2022 10:34:21 AM,NC113,"Macon County, North Carolina",14802,CpE,"Cleveland-Chestnut-Rock outcrop complex, windswept, 30 to 50 percent slopes",25,545814,15,Rock outcrop,,,23377164,0.0,203.0,0.035,,,,,,,69278550
41,20,9/12/2022 10:34:21 AM,NC113,"Macon County, North Carolina",14802,CpE,"Cleveland-Chestnut-Rock outcrop complex, windswept, 30 to 50 percent slopes",25,545814,45,Cleveland,windswept,40.0,23377165,0.0,13.0,28.0,67.4,13.0,19.6,1.35,,37.0,69278551
42,20,9/12/2022 10:34:21 AM,NC113,"Macon County, North Carolina",14802,CpE,"Cleveland-Chestnut-Rock outcrop complex, windswept, 30 to 50 percent slopes",25,545814,45,Cleveland,windswept,40.0,23377165,13.0,43.0,28.0,45.4,13.0,41.6,1.35,,38.0,69278552
43,20,9/12/2022 10:34:21 AM,NC113,"Macon County, North Carolina",14802,CpE,"Cleveland-Chestnut-Rock outcrop complex, windswept, 30 to 50 percent slopes",25,545814,45,Cleveland,windswept,40.0,23377165,43.0,203.0,0.035,,,,,,,69278553
44,20,9/12/2022 10:34:21 AM,NC113,"Macon County, North Carolina",14802,CpE,"Cleveland-Chestnut-Rock outcrop complex, windswept, 30 to 50 percent slopes",25,545814,35,Chestnut,windswept,40.0,23377166,0.0,13.0,28.0,70.9,12.5,16.6,1.48,,29.0,69278555
45,20,9/12/2022 10:34:21 AM,NC113,"Macon County, North Carolina",14802,CpE,"Cleveland-Chestnut-Rock outcrop complex, windswept, 30 to 50 percent slopes",25,545814,35,Chestnut,windswept,40.0,23377166,13.0,91.0,28.0,68.8,15.0,16.2,1.48,,31.0,69278556
46,20,9/12/2022 10:34:21 AM,NC113,"Macon County, North Carolina",14802,CpE,"Cleveland-Chestnut-Rock outcrop complex, windswept, 30 to 50 percent slopes",25,545814,35,Chestnut,windswept,40.0,23377166,91.0,203.0,7.0,,,,,,,69278554
47,20,9/12/2022 10:34:21 AM,NC113,"Macon County, North Carolina",14802,CpF,"Cleveland-Chestnut-Rock outcrop complex, windswept, 50 to 95 percent slopes",26,545815,15,Rock outcrop,,,23377120,0.0,203.0,0.035,,,,,,,69278421
48,20,9/12/2022 10:34:21 AM,NC113,"Macon County, North Carolina",14802,CpF,"Cleveland-Chestnut-Rock outcrop complex, windswept, 50 to 95 percent slopes",26,545815,25,Chestnut,windswept,63.0,23377121,0.0,41.0,28.0,70.9,12.5,16.6,1.48,,31.0,69278422
49,20,9/12/2022 10:34:21 AM,NC113,"Macon County, North Carolina",14802,CpF,"Cleveland-Chestnut-Rock outcrop complex, windswept, 50 to 95 percent slopes",26,545815,25,Chestnut,windswept,63.0,23377121,41.0,81.0,28.0,68.8,15.0,16.2,1.48,,30.0,69278423
50,20,9/12/2022 10:34:21 AM,NC113,"Macon County, North Carolina",14802,CpF,"Cleveland-Chestnut-Rock outcrop complex, windswept, 50 to 95 percent slopes",26,545815,25,Chestnut,windswept,63.0,23377121,81.0,203.0,7.0,,,,,,,69278424
51,20,9/12/2022 10:34:21 AM,NC113,"Macon County, North Carolina",14802,CpF,"Cleveland-Chestnut-Rock outcrop complex, windswept, 50 to 95 percent slopes",26,545815,45,Cleveland,windswept,63.0,23377122,0.0,10.0,28.0,70.5,13.0,16.5,1.35,,32.0,69278425
52,20,9/12/2022 10:34:21 AM,NC113,"Macon County, North Carolina",14802,CpF,"Cleveland-Chestnut-Rock outcrop complex, windswept, 50 to 95 percent slopes",26,545815,45,Cleveland,windswept,63.0,23377122,10.0,38.0,28.0,70.5,13.0,16.5,1.35,,33.0,69278426
53,20,9/12/2022 10:34:21 AM,NC113,"Macon County, North Carolina",14802,CpF,"Cleveland-Chestnut-Rock outcrop complex, windswept, 50 to 95 percent slopes",26,545815,45,Cleveland,windswept,63.0,23377122,38.0,203.0,0.035,,,,,,,69278427
54,20,9/12/2022 10:34:21 AM,NC113,"Macon County, North Carolina",14802,CsD,"Cullasaja very cobbly fine sandy loam, 15 to 30 percent slopes, extremely bouldery",27,545816,85,Cullasaja,extremely bouldery,23.0,23377076,0.0,46.0,28.0,68.8,15.0,16.2,0.85,,25.0,69278285
55,20,9/12/2022 10:34:21 AM,NC113,"Macon County, North Carolina",14802,CsD,"Cullasaja very cobbly fine sandy loam, 15 to 30 percent slopes, extremely bouldery",27,545816,85,Cullasaja,extremely bouldery,23.0,23377076,46.0,86.0,28.0,68.0,16.0,16.0,1.3,,24.0,69278286
56,20,9/12/2022 10:34:21 AM,NC113,"Macon County, North Carolina",14802,CsD,"Cullasaja very cobbly fine sandy loam, 15 to 30 percent slopes, extremely bouldery",27,545816,85,Cullasaja,extremely bouldery,23.0,23377076,86.0,203.0,28.0,82.5,8.5,9.0,1.3,,24.0,69278287
57,20,9/12/2022 10:34:21 AM,NC113,"Macon County, North Carolina",14802,CsE,"Cullasaja very cobbly fine sandy loam, 30 to 50 percent slopes, extremely bouldery",28,545817,85,Cullasaja,extremely bouldery,40.0,23377077,0.0,46.0,28.0,68.8,15.0,16.2,0.85,,25.0,69278288
58,20,9/12/2022 10:34:21 AM,NC113,"Macon County, North Carolina",14802,CsE,"Cullasaja very cobbly fine sandy loam, 30 to 50 percent slopes, extremely bouldery",28,545817,85,Cullasaja,extremely bouldery,40.0,23377077,46.0,86.0,28.0,68.0,16.0,16.0,1.3,,24.0,69278289
59,20,9/12/2022 10:34:21 AM,NC113,"Macon County, North Carolina",14802,CsE,"Cullasaja very cobbly fine sandy loam, 30 to 50 percent slopes, extremely bouldery",28,545817,85,Cullasaja,extremely bouldery,40.0,23377077,86.0,203.0,28.0,82.5,8.5,9.0,1.3,,24.0,69278290
60,20,9/12/2022 10:34:21 AM,NC113,"Macon County, North Carolina",14802,CuD,"Cullasaja-Tuckasegee complex, 15 to 30 percent slopes, stony",29,545818,30,Tuckasegee,stony,23.0,23377078,66.0,119.0,28.0,66.9,19.0,14.1,1.35,,34.0,69278291
61,20,9/12/2022 10:34:21 AM,NC113,"Macon County, North Carolina",14802,CuD,"Cullasaja-Tuckasegee complex, 15 to 30 percent slopes, stony",29,545818,30,Tuckasegee,stony,23.0,23377078,119.0,203.0,28.0,60.6,21.0,18.4,1.35,,31.0,69278292
62,20,9/12/2022 10:34:21 AM,NC113,"Macon County, North Carolina",14802,CuD,"Cullasaja-Tuckasegee complex, 15 to 30 percent slopes, stony",29,545818,30,Tuckasegee,stony,23.0,23377078,0.0,33.0,28.0,68.0,16.0,16.0,1.03,,44.0,69278293
63,20,9/12/2022 10:34:21 AM,NC113,"Macon County, North Carolina",14802,CuD,"Cullasaja-Tuckasegee complex, 15 to 30 percent slopes, stony",29,545818,30,Tuckasegee,stony,23.0,23377078,33.0,66.0,28.0,66.9,19.0,14.1,1.2,,44.0,69278294
64,20,9/12/2022 10:34:21 AM,NC113,"Macon County, North Carolina",14802,CuD,"Cullasaja-Tuckasegee complex, 15 to 30 percent slopes, stony",29,545818,50,Cullasaja,stony,23.0,23377079,0.0,43.0,28.0,55.8,26.5,17.7,0.85,,37.0,69278295
65,20,9/12/2022 10:34:21 AM,NC113,"Macon County, North Carolina",14802,CuD,"Cullasaja-Tuckasegee complex, 15 to 30 percent slopes, stony",29,545818,50,Cullasaja,stony,23.0,23377079,43.0,81.0,28.0,70.9,12.5,16.6,1.3,,30.0,69278296
66,20,9/12/2022 10:34:21 AM,NC113,"Macon County, North Carolina",14802,CuD,"Cullasaja-Tuckasegee complex, 15 to 30 percent slopes, stony",29,545818,50,Cullasaja,stony,23.0,23377079,81.0,203.0,28.0,82.5,8.5,9.0,1.3,,23.0,69278297
67,20,9/12/2022 10:34:21 AM,NC113,"Macon County, North Carolina",14802,CuE,"Cullasaja-Tuckasegee complex, 30 to 50 percent slopes, stony",30,545819,45,Cullasaja,stony,40.0,23377080,0.0,43.0,28.0,55.8,26.5,17.7,0.85,,37.0,69278298
68,20,9/12/2022 10:34:21 AM,NC113,"Macon County, North Carolina",14802,CuE,"Cullasaja-Tuckasegee complex, 30 to 50 percent slopes, stony",30,545819,45,Cullasaja,stony,40.0,23377080,43.0,81.0,28.0,70.9,12.5,16.6,1.3,,30.0,69278299
69,20,9/12/2022 10:34:21 AM,NC113,"Macon County, North Carolina",14802,CuE,"Cullasaja-Tuckasegee complex, 30 to 50 percent slopes, stony",30,545819,45,Cullasaja,stony,40.0,23377080,81.0,203.0,28.0,82.5,8.5,9.0,1.3,,23.0,69278300
70,20,9/12/2022 10:34:21 AM,NC113,"Macon County, North Carolina",14802,CuE,"Cullasaja-Tuckasegee complex, 30 to 50 percent slopes, stony",30,545819,40,Tuckasegee,stony,40.0,23377081,0.0,33.0,28.0,68.0,16.0,16.0,1.03,,44.0,69278301
71,20,9/12/2022 10:34:21 AM,NC113,"Macon County, North Carolina",14802,CuE,"Cullasaja-Tuckasegee complex, 30 to 50 percent slopes, stony",30,545819,40,Tuckasegee,stony,40.0,23377081,33.0,66.0,28.0,66.9,19.0,14.1,1.2,,44.0,69278302
72,20,9/12/2022 10:34:21 AM,NC113,"Macon County, North Carolina",14802,CuE,"Cullasaja-Tuckasegee complex, 30 to 50 percent slopes, stony",30,545819,40,Tuckasegee,stony,40.0,23377081,66.0,119.0,28.0,66.9,19.0,14.1,1.35,,34.0,69278303
73,20,9/12/2022 10:34:21 AM,NC113,"Macon County, North Carolina",14802,CuE,"Cullasaja-Tuckasegee complex, 30 to 50 percent slopes, stony",30,545819,40,Tuckasegee,stony,40.0,23377081,119.0,203.0,28.0,60.6,21.0,18.4,1.35,,31.0,69278304
74,20,9/12/2022 10:34:21 AM,NC113,"Macon County, North Carolina",14802,CuF,"Cullasaja-Tuckasegee complex, 50 to 95 percent slopes, stony",31,545820,30,Tuckasegee,stony,63.0,23377123,0.0,33.0,28.0,68.0,16.0,16.0,1.03,,44.0,69278428
75,20,9/12/2022 10:34:21 AM,NC113,"Macon County, North Carolina",14802,CuF,"Cullasaja-Tuckasegee complex, 50 to 95 percent slopes, stony",31,545820,30,Tuckasegee,stony,63.0,23377123,33.0,66.0,28.0,66.9,19.0,14.1,1.2,,44.0,69278429
76,20,9/12/2022 10:34:21 AM,NC113,"Macon County, North Carolina",14802,CuF,"Cullasaja-Tuckasegee complex, 50 to 95 percent slopes, stony",31,545820,30,Tuckasegee,stony,63.0,23377123,66.0,119.0,28.0,66.9,19.0,14.1,1.35,,34.0,69278430
77,20,9/12/2022 10:34:21 AM,NC113,"Macon County, North Carolina",14802,CuF,"Cullasaja-Tuckasegee complex, 50 to 95 percent slopes, stony",31,545820,30,Tuckasegee,stony,63.0,23377123,119.0,203.0,28.0,60.6,21.0,18.4,1.35,,31.0,69278431
78,20,9/12/2022 10:34:21 AM,NC113,"Macon County, North Carolina",14802,CuF,"Cullasaja-Tuckasegee complex, 50 to 95 percent slopes, stony",31,545820,50,Cullasaja,stony,63.0,23377124,0.0,43.0,28.0,55.8,26.5,17.7,0.85,,37.0,69278432
79,20,9/12/2022 10:34:21 AM,NC113,"Macon County, North Carolina",14802,CuF,"Cullasaja-Tuckasegee complex, 50 to 95 percent slopes, stony",31,545820,50,Cullasaja,stony,63.0,23377124,43.0,81.0,28.0,70.9,12.5,16.6,1.3,,30.0,69278433
80,20,9/12/2022 10:34:21 AM,NC113,"Macon County, North Carolina",14802,CuF,"Cullasaja-Tuckasegee complex, 50 to 95 percent slopes, stony",31,545820,50,Cullasaja,stony,63.0,23377124,81.0,203.0,28.0,82.5,8.5,9.0,1.3,,23.0,69278434
81,20,9/12/2022 10:34:21 AM,NC113,"Macon County, North Carolina",14802,DgB,"Dellwood gravelly fine sandy loam, 0 to 5 percent slopes, frequently flooded",32,545821,5,Nikwasi,undrained,1.0,23377167,0.0,66.0,28.0,67.5,11.5,21.0,1.4,,34.0,69278557
82,20,9/12/2022 10:34:21 AM,NC113,"Macon County, North Carolina",14802,DgB,"Dellwood gravelly fine sandy loam, 0 to 5 percent slopes, frequently flooded",32,545821,5,Nikwasi,undrained,1.0,23377167,66.0,203.0,92.0,90.6,3.0,6.4,1.5,,9.0,69278558
83,20,9/12/2022 10:34:21 AM,NC113,"Macon County, North Carolina",14802,DgB,"Dellwood gravelly fine sandy loam, 0 to 5 percent slopes, frequently flooded",32,545821,85,Dellwood,frequently flooded,3.0,23377168,0.0,20.0,28.0,68.5,10.0,21.5,1.4,,31.0,69278559
84,20,9/12/2022 10:34:21 AM,NC113,"Macon County, North Carolina",14802,DgB,"Dellwood gravelly fine sandy loam, 0 to 5 percent slopes, frequently flooded",32,545821,85,Dellwood,frequently flooded,3.0,23377168,20.0,41.0,92.0,94.1,4.5,1.4,1.5,,15.0,69278560
85,20,9/12/2022 10:34:21 AM,NC113,"Macon County, North Carolina",14802,DgB,"Dellwood gravelly fine sandy loam, 0 to 5 percent slopes, frequently flooded",32,545821,85,Dellwood,frequently flooded,3.0,23377168,41.0,203.0,92.0,91.0,2.5,6.5,1.5,,13.0,69278561
86,20,9/12/2022 10:34:21 AM,NC113,"Macon County, North Carolina",14802,EdD,"Edneyville-Chestnut complex, high precipitation, 15 to 30 percent slopes, stony",38,545829,30,Chestnut,"high precipitation, stony",22.0,23377040,0.0,17.0,28.0,71.0,13.0,16.0,1.4,2.6,40.0,69278160
87,20,9/12/2022 10:34:21 AM,NC113,"Macon County, North Carolina",14802,EdD,"Edneyville-Chestnut complex, high precipitation, 15 to 30 percent slopes, stony",38,545829,30,Chestnut,"high precipitation, stony",22.0,23377040,17.0,89.0,28.0,48.0,16.0,36.0,1.5,2.66,38.0,69278161
88,20,9/12/2022 10:34:21 AM,NC113,"Macon County, North Carolina",14802,EdD,"Edneyville-Chestnut complex, high precipitation, 15 to 30 percent slopes, stony",38,545829,30,Chestnut,"high precipitation, stony",22.0,23377040,89.0,203.0,7.0,,,,,,,69278162
89,20,9/12/2022 10:34:21 AM,NC113,"Macon County, North Carolina",14802,EdD,"Edneyville-Chestnut complex, high precipitation, 15 to 30 percent slopes, stony",38,545829,50,Edneyville,"high precipitation, stony",22.0,23377041,78.0,203.0,28.0,67.0,13.0,20.0,1.62,2.66,31.0,69278163
90,20,9/12/2022 10:34:21 AM,NC113,"Macon County, North Carolina",14802,EdD,"Edneyville-Chestnut complex, high precipitation, 15 to 30 percent slopes, stony",38,545829,50,Edneyville,"high precipitation, stony",22.0,23377041,0.0,13.0,28.0,68.0,12.0,20.0,1.41,2.6,40.0,69278164
91,20,9/12/2022 10:34:21 AM,NC113,"Macon County, North Carolina",14802,EdD,"Edneyville-Chestnut complex, high precipitation, 15 to 30 percent slopes, stony",38,545829,50,Edneyville,"high precipitation, stony",22.0,23377041,13.0,78.0,28.0,48.0,17.0,35.0,1.5,2.66,37.0,69278165
92,20,9/12/2022 10:34:21 AM,NC113,"Macon County, North Carolina",14802,EdE,"Edneyville-Chestnut complex, high precipitation, 30 to 50 percent slopes, stony",39,545830,50,Edneyville,"high precipitation, stony",40.0,23377129,78.0,203.0,28.0,67.0,13.0,20.0,1.62,2.66,31.0,69278448
93,20,9/12/2022 10:34:21 AM,NC113,"Macon County, North Carolina",14802,EdE,"Edneyville-Chestnut complex, high precipitation, 30 to 50 percent slopes, stony",39,545830,50,Edneyville,"high precipitation, stony",40.0,23377129,13.0,78.0,9.0,48.0,17.0,35.0,1.5,2.66,37.0,69278449
94,20,9/12/2022 10:34:21 AM,NC113,"Macon County, North Carolina",14802,EdE,"Edneyville-Chestnut complex, high precipitation, 30 to 50 percent slopes, stony",39,545830,50,Edneyville,"high precipitation, stony",40.0,23377129,0.0,13.0,28.0,68.0,12.0,20.0,1.41,2.6,40.0,69278450
95,20,9/12/2022 10:34:21 AM,NC113,"Macon County, North Carolina",14802,EdE,"Edneyville-Chestnut complex, high precipitation, 30 to 50 percent slopes, stony",39,545830,26,Chestnut,"high precipitation, stony",40.0,23377130,17.0,89.0,28.0,48.0,16.0,36.0,1.5,2.66,38.0,69278452
96,20,9/12/2022 10:34:21 AM,NC113,"Macon County, North Carolina",14802,EdE,"Edneyville-Chestnut complex, high precipitation, 30 to 50 percent slopes, stony",39,545830,26,Chestnut,"high precipitation, stony",40.0,23377130,0.0,17.0,28.0,71.0,13.0,16.0,1.4,2.6,40.0,69278453
97,20,9/12/2022 10:34:21 AM,NC113,"Macon County, North Carolina",14802,EdE,"Edneyville-Chestnut complex, high precipitation, 30 to 50 percent slopes, stony",39,545830,26,Chestnut,"high precipitation, stony",40.0,23377130,89.0,203.0,7.0,,,,,,,69278451
98,20,9/12/2022 10:34:21 AM,NC113,"Macon County, North Carolina",14802,EdF,"Edneyville-Chestnut complex, high precipitation, 50 to 95 percent slopes, stony",40,545831,50,Edneyville,"high precipitation, stony",70.0,23377131,0.0,13.0,28.0,68.0,12.0,20.0,1.41,2.6,37.0,69278454
99,20,9/12/2022 10:34:21 AM,NC113,"Macon County, North Carolina",14802,EdF,"Edneyville-Chestnut complex, high precipitation, 50 to 95 percent slopes, stony",40,545831,50,Edneyville,"high precipitation, stony",70.0,23377131,13.0,78.0,9.0,48.0,17.0,35.0,1.5,2.66,37.0,69278455
100,20,9/12/2022 10:34:21 AM,NC113,"Macon County, North Carolina",14802,EdF,"Edneyville-Chestnut complex, high precipitation, 50 to 95 percent slopes, stony",40,545831,50,Edneyville,"high precipitation, stony",70.0,23377131,78.0,203.0,28.0,67.0,13.0,20.0,1.62,2.66,31.0,69278456
101,20,9/12/2022 10:34:21 AM,NC113,"Macon County, North Carolina",14802,EdF,"Edneyville-Chestnut complex, high precipitation, 50 to 95 percent slopes, stony",40,545831,20,Chestnut,"high precipitation, stony",70.0,23377132,0.0,17.0,28.0,71.0,13.0,16.0,1.4,2.6,36.0,69278458
102,20,9/12/2022 10:34:21 AM,NC113,"Macon County, North Carolina",14802,EdF,"Edneyville-Chestnut complex, high precipitation, 50 to 95 percent slopes, stony",40,545831,20,Chestnut,"high precipitation, stony",70.0,23377132,17.0,89.0,28.0,48.0,16.0,36.0,1.5,2.66,38.0,69278459
103,20,9/12/2022 10:34:21 AM,NC113,"Macon County, North Carolina",14802,EdF,"Edneyville-Chestnut complex, high precipitation, 50 to 95 percent slopes, stony",40,545831,20,Chestnut,"high precipitation, stony",70.0,23377132,89.0,203.0,7.0,,,,,,,69278457
104,20,9/12/2022 10:34:21 AM,NC113,"Macon County, North Carolina",14802,EvC,"Evard-Cowee complex, 8 to 15 percent slopes",44,545835,35,Cowee,stony,12.0,23377127,0.0,13.0,28.0,44.8,14.0,41.2,1.43,,33.0,69278442
105,20,9/12/2022 10:34:21 AM,NC113,"Macon County, North Carolina",14802,EvC,"Evard-Cowee complex, 8 to 15 percent slopes",44,545835,35,Cowee,stony,12.0,23377127,13.0,68.0,9.0,55.8,26.5,17.7,1.45,,31.0,69278443
106,20,9/12/2022 10:34:21 AM,NC113,"Macon County, North Carolina",14802,EvC,"Evard-Cowee complex, 8 to 15 percent slopes",44,545835,35,Cowee,stony,12.0,23377127,68.0,203.0,7.0,,,,,,,69278441
107,20,9/12/2022 10:34:21 AM,NC113,"Macon County, North Carolina",14802,EvC,"Evard-Cowee complex, 8 to 15 percent slopes",44,545835,55,Evard,stony,12.0,23377128,13.0,74.0,9.0,55.8,26.5,17.7,1.4,,41.0,69278444
108,20,9/12/2022 10:34:21 AM,NC113,"Macon County, North Carolina",14802,EvC,"Evard-Cowee complex, 8 to 15 percent slopes",44,545835,55,Evard,stony,12.0,23377128,74.0,94.0,9.0,65.1,16.0,18.9,1.3,,44.0,69278445
109,20,9/12/2022 10:34:21 AM,NC113,"Macon County, North Carolina",14802,EvC,"Evard-Cowee complex, 8 to 15 percent slopes",44,545835,55,Evard,stony,12.0,23377128,0.0,13.0,28.0,45.7,12.5,41.8,1.35,,35.0,69278446
110,20,9/12/2022 10:34:21 AM,NC113,"Macon County, North Carolina",14802,EvC,"Evard-Cowee complex, 8 to 15 percent slopes",44,545835,55,Evard,stony,12.0,23377128,94.0,203.0,9.0,67.9,12.5,19.6,1.3,,42.0,69278447
111,20,9/12/2022 10:34:21 AM,NC113,"Macon County, North Carolina",14802,EvD,"Evard-Cowee complex, 15 to 30 percent slopes",45,545836,50,Evard,,22.0,23377082,0.0,13.0,9.0,50.0,14.0,36.0,1.36,2.57,37.0,69278305
112,20,9/12/2022 10:34:21 AM,NC113,"Macon County, North Carolina",14802,EvD,"Evard-Cowee complex, 15 to 30 percent slopes",45,545836,50,Evard,,22.0,23377082,81.0,114.0,9.0,49.0,19.0,32.0,1.55,2.63,34.0,69278306
113,20,9/12/2022 10:34:21 AM,NC113,"Macon County, North Carolina",14802,EvD,"Evard-Cowee complex, 15 to 30 percent slopes",45,545836,50,Evard,,22.0,23377082,13.0,81.0,9.0,42.0,33.0,25.0,1.51,2.62,37.0,69278307
114,20,9/12/2022 10:34:21 AM,NC113,"Macon County, North Carolina",14802,EvD,"Evard-Cowee complex, 15 to 30 percent slopes",45,545836,50,Evard,,22.0,23377082,114.0,203.0,9.0,62.0,13.0,25.0,1.59,2.63,32.0,69278308
115,20,9/12/2022 10:34:21 AM,NC113,"Macon County, North Carolina",14802,EvD,"Evard-Cowee complex, 15 to 30 percent slopes",45,545836,30,Cowee,,22.0,23377083,0.0,13.0,28.0,56.0,14.0,30.0,1.39,2.57,36.0,69278310
116,20,9/12/2022 10:34:21 AM,NC113,"Macon County, North Carolina",14802,EvD,"Evard-Cowee complex, 15 to 30 percent slopes",45,545836,30,Cowee,,22.0,23377083,13.0,68.0,9.0,54.0,25.0,21.0,1.58,2.62,34.0,69278311
117,20,9/12/2022 10:34:21 AM,NC113,"Macon County, North Carolina",14802,EvD,"Evard-Cowee complex, 15 to 30 percent slopes",45,545836,30,Cowee,,22.0,23377083,68.0,203.0,7.0,,,,,,,69278309
118,20,9/12/2022 10:34:21 AM,NC113,"Macon County, North Carolina",14802,EvE,"Evard-Cowee complex, 30 to 50 percent slopes",46,545837,26,Cowee,,40.0,23377133,0.0,13.0,28.0,45.0,14.0,41.0,1.39,,38.0,69278461
119,20,9/12/2022 10:34:21 AM,NC113,"Macon County, North Carolina",14802,EvE,"Evard-Cowee complex, 30 to 50 percent slopes",46,545837,26,Cowee,,40.0,23377133,13.0,68.0,9.0,34.0,29.0,37.0,1.49,,36.0,69278462
120,20,9/12/2022 10:34:21 AM,NC113,"Macon County, North Carolina",14802,EvE,"Evard-Cowee complex, 30 to 50 percent slopes",46,545837,26,Cowee,,40.0,23377133,68.0,203.0,7.0,,,,,,,69278460
121,20,9/12/2022 10:34:21 AM,NC113,"Macon County, North Carolina",14802,EvE,"Evard-Cowee complex, 30 to 50 percent slopes",46,545837,50,Evard,,40.0,23377134,0.0,13.0,28.0,46.0,13.0,41.0,1.36,,34.0,69278463
122,20,9/12/2022 10:34:21 AM,NC113,"Macon County, North Carolina",14802,EvE,"Evard-Cowee complex, 30 to 50 percent slopes",46,545837,50,Evard,,40.0,23377134,13.0,74.0,9.0,56.0,27.0,17.0,1.56,,36.0,69278464
123,20,9/12/2022 10:34:21 AM,NC113,"Macon County, North Carolina",14802,EvE,"Evard-Cowee complex, 30 to 50 percent slopes",46,545837,50,Evard,,40.0,23377134,94.0,203.0,9.0,68.0,13.0,19.0,1.57,,34.0,69278465
124,20,9/12/2022 10:34:21 AM,NC113,"Macon County, North Carolina",14802,EvE,"Evard-Cowee complex, 30 to 50 percent slopes",46,545837,50,Evard,,40.0,23377134,74.0,94.0,9.0,65.0,16.0,19.0,1.54,,36.0,69278466
125,20,9/12/2022 10:34:21 AM,NC113,"Macon County, North Carolina",14802,EvF,"Evard-Cowee complex, 50 to 95 percent slopes, stony",47,545838,50,Evard,,63.0,23377038,74.0,94.0,9.0,50.0,20.0,30.0,1.58,,35.0,69278153
126,20,9/12/2022 10:34:21 AM,NC113,"Macon County, North Carolina",14802,EvF,"Evard-Cowee complex, 50 to 95 percent slopes, stony",47,545838,50,Evard,,63.0,23377038,0.0,13.0,28.0,45.0,13.0,42.0,1.36,,39.0,69278154
127,20,9/12/2022 10:34:21 AM,NC113,"Macon County, North Carolina",14802,EvF,"Evard-Cowee complex, 50 to 95 percent slopes, stony",47,545838,50,Evard,,63.0,23377038,13.0,74.0,9.0,44.0,29.0,27.0,1.54,,36.0,69278155
128,20,9/12/2022 10:34:21 AM,NC113,"Macon County, North Carolina",14802,EvF,"Evard-Cowee complex, 50 to 95 percent slopes, stony",47,545838,50,Evard,,63.0,23377038,94.0,203.0,9.0,67.0,13.0,20.0,1.58,,34.0,69278156
129,20,9/12/2022 10:34:21 AM,NC113,"Macon County, North Carolina",14802,EvF,"Evard-Cowee complex, 50 to 95 percent slopes, stony",47,545838,30,Cowee,,63.0,23377039,0.0,13.0,28.0,45.0,14.0,41.0,1.34,,37.0,69278157
130,20,9/12/2022 10:34:21 AM,NC113,"Macon County, North Carolina",14802,EvF,"Evard-Cowee complex, 50 to 95 percent slopes, stony",47,545838,30,Cowee,,63.0,23377039,13.0,68.0,9.0,44.0,29.0,27.0,1.54,,34.0,69278158
131,20,9/12/2022 10:34:21 AM,NC113,"Macon County, North Carolina",14802,EvF,"Evard-Cowee complex, 50 to 95 percent slopes, stony",47,545838,30,Cowee,,63.0,23377039,68.0,203.0,7.0,,,,,,,69278159
132,20,9/12/2022 10:34:21 AM,NC113,"Macon County, North Carolina",14802,FaD,"Fannin fine sandy loam, 15 to 30 percent slopes",51,545842,80,Fannin,,23.0,23377012,0.0,18.0,28.0,68.8,15.0,16.2,1.4,,40.0,69278077
133,20,9/12/2022 10:34:21 AM,NC113,"Macon County, North Carolina",14802,FaD,"Fannin fine sandy loam, 15 to 30 percent slopes",51,545842,80,Fannin,,23.0,23377012,18.0,53.0,9.0,55.8,26.5,17.7,1.4,,41.0,69278078
134,20,9/12/2022 10:34:21 AM,NC113,"Macon County, North Carolina",14802,FaD,"Fannin fine sandy loam, 15 to 30 percent slopes",51,545842,80,Fannin,,23.0,23377012,53.0,203.0,9.0,65.9,15.0,19.1,1.4,,38.0,69278079
135,20,9/12/2022 10:34:21 AM,NC113,"Macon County, North Carolina",14802,FaE,"Fannin fine sandy loam, 30 to 50 percent slopes",52,545843,80,Fannin,,40.0,23377013,0.0,18.0,28.0,68.8,15.0,16.2,1.4,,39.0,69278080
136,20,9/12/2022 10:34:21 AM,NC113,"Macon County, North Carolina",14802,FaE,"Fannin fine sandy loam, 30 to 50 percent slopes",52,545843,80,Fannin,,40.0,23377013,18.0,66.0,9.0,35.2,29.0,35.8,1.4,,41.0,69278081
137,20,9/12/2022 10:34:21 AM,NC113,"Macon County, North Carolina",14802,FaE,"Fannin fine sandy loam, 30 to 50 percent slopes",52,545843,80,Fannin,,40.0,23377013,66.0,84.0,9.0,44.3,15.0,40.7,1.4,,38.0,69278082
138,20,9/12/2022 10:34:21 AM,NC113,"Macon County, North Carolina",14802,FaE,"Fannin fine sandy loam, 30 to 50 percent slopes",52,545843,80,Fannin,,40.0,23377013,84.0,203.0,9.0,65.9,15.0,19.1,1.4,,38.0,69278083
139,20,9/12/2022 10:34:21 AM,NC113,"Macon County, North Carolina",14802,NkA,"Nikwasi fine sandy loam, 0 to 2 percent slopes, frequently flooded",58,545849,10,Nikwasi,undrained,1.5,23377052,0.0,66.0,28.0,67.5,11.5,21.0,1.4,,34.0,69278211
140,20,9/12/2022 10:34:21 AM,NC113,"Macon County, North Carolina",14802,NkA,"Nikwasi fine sandy loam, 0 to 2 percent slopes, frequently flooded",58,545849,10,Nikwasi,undrained,1.5,23377052,66.0,203.0,92.0,90.6,3.0,6.4,1.5,,9.0,69278212
141,20,9/12/2022 10:34:21 AM,NC113,"Macon County, North Carolina",14802,NkA,"Nikwasi fine sandy loam, 0 to 2 percent slopes, frequently flooded",58,545849,70,Nikwasi,frequently flooded,1.5,23377053,0.0,66.0,28.0,67.5,11.5,21.0,1.4,,34.0,69278213
142,20,9/12/2022 10:34:21 AM,NC113,"Macon County, North Carolina",14802,NkA,"Nikwasi fine sandy loam, 0 to 2 percent slopes, frequently flooded",58,545849,70,Nikwasi,frequently flooded,1.5,23377053,66.0,203.0,92.0,90.6,3.0,6.4,1.5,,9.0,69278214
143,20,9/12/2022 10:34:21 AM,NC113,"Macon County, North Carolina",14802,PwD,"Plott fine sandy loam, high precipitation, 15 to 30 percent slopes, stony",61,545852,80,Plott,"high precipitation, stony",22.0,23377046,3.0,18.0,28.0,61.0,15.0,24.0,0.99,2.51,54.0,69278185
144,20,9/12/2022 10:34:21 AM,NC113,"Macon County, North Carolina",14802,PwD,"Plott fine sandy loam, high precipitation, 15 to 30 percent slopes, stony",61,545852,80,Plott,"high precipitation, stony",22.0,23377046,119.0,203.0,28.0,67.0,9.0,24.0,1.55,2.65,29.0,69278186
145,20,9/12/2022 10:34:21 AM,NC113,"Macon County, North Carolina",14802,PwD,"Plott fine sandy loam, high precipitation, 15 to 30 percent slopes, stony",61,545852,80,Plott,"high precipitation, stony",22.0,23377046,38.0,84.0,9.0,53.0,13.0,34.0,1.48,2.65,40.0,69278187
146,20,9/12/2022 10:34:21 AM,NC113,"Macon County, North Carolina",14802,PwD,"Plott fine sandy loam, high precipitation, 15 to 30 percent slopes, stony",61,545852,80,Plott,"high precipitation, stony",22.0,23377046,0.0,3.0,92.0,,,,0.1,1.8,,69278188
147,20,9/12/2022 10:34:21 AM,NC113,"Macon County, North Carolina",14802,PwD,"Plott fine sandy loam, high precipitation, 15 to 30 percent slopes, stony",61,545852,80,Plott,"high precipitation, stony",22.0,23377046,18.0,38.0,28.0,61.0,15.0,24.0,0.99,2.51,53.0,69278189
148,20,9/12/2022 10:34:21 AM,NC113,"Macon County, North Carolina",14802,PwD,"Plott fine sandy loam, high precipitation, 15 to 30 percent slopes, stony",61,545852,80,Plott,"high precipitation, stony",22.0,23377046,84.0,119.0,9.0,53.0,13.0,34.0,1.48,2.65,40.0,69278190
149,20,9/12/2022 10:34:21 AM,NC113,"Macon County, North Carolina",14802,PwE,"Plott fine sandy loam, high precipitation, 30 to 50 percent slopes, stony",62,545853,80,Plott,"high precipitation, stony",40.0,23377172,0.0,3.0,92.0,,,,0.1,1.8,,69278574
150,20,9/12/2022 10:34:21 AM,NC113,"Macon County, North Carolina",14802,PwE,"Plott fine sandy loam, high precipitation, 30 to 50 percent slopes, stony",62,545853,80,Plott,"high precipitation, stony",40.0,23377172,18.0,38.0,28.0,61.0,15.0,24.0,0.99,2.51,53.0,69278575
151,20,9/12/2022 10:34:21 AM,NC113,"Macon County, North Carolina",14802,PwE,"Plott fine sandy loam, high precipitation, 30 to 50 percent slopes, stony",62,545853,80,Plott,"high precipitation, stony",40.0,23377172,84.0,119.0,9.0,53.0,13.0,34.0,1.48,2.65,40.0,69278576
152,20,9/12/2022 10:34:21 AM,NC113,"Macon County, North Carolina",14802,PwE,"Plott fine sandy loam, high precipitation, 30 to 50 percent slopes, stony",62,545853,80,Plott,"high precipitation, stony",40.0,23377172,3.0,18.0,28.0,61.0,15.0,24.0,0.99,2.51,54.0,69278577
153,20,9/12/2022 10:34:21 AM,NC113,"Macon County, North Carolina",14802,PwE,"Plott fine sandy loam, high precipitation, 30 to 50 percent slopes, stony",62,545853,80,Plott,"high precipitation, stony",40.0,23377172,119.0,203.0,28.0,67.0,9.0,24.0,1.55,2.65,29.0,69278578
154,20,9/12/2022 10:34:21 AM,NC113,"Macon County, North Carolina",14802,PwE,"Plott fine sandy loam, high precipitation, 30 to 50 percent slopes, stony",62,545853,80,Plott,"high precipitation, stony",40.0,23377172,38.0,84.0,9.0,53.0,13.0,34.0,1.48,2.65,40.0,69278579
155,20,9/12/2022 10:34:21 AM,NC113,"Macon County, North Carolina",14802,PwF,"Plott fine sandy loam, high precipitation, 50 to 95 percent slopes, stony",63,545854,80,Plott,"high precipitation, stony",72.0,23377138,3.0,18.0,28.0,61.0,15.0,24.0,0.99,2.51,54.0,69278479
156,20,9/12/2022 10:34:21 AM,NC113,"Macon County, North Carolina",14802,PwF,"Plott fine sandy loam, high precipitation, 50 to 95 percent slopes, stony",63,545854,80,Plott,"high precipitation, stony",72.0,23377138,18.0,38.0,28.0,61.0,15.0,24.0,0.99,2.51,53.0,69278480
157,20,9/12/2022 10:34:21 AM,NC113,"Macon County, North Carolina",14802,PwF,"Plott fine sandy loam, high precipitation, 50 to 95 percent slopes, stony",63,545854,80,Plott,"high precipitation, stony",72.0,23377138,119.0,203.0,28.0,67.0,9.0,24.0,1.55,2.65,29.0,69278481
158,20,9/12/2022 10:34:21 AM,NC113,"Macon County, North Carolina",14802,PwF,"Plott fine sandy loam, high precipitation, 50 to 95 percent slopes, stony",63,545854,80,Plott,"high precipitation, stony",72.0,23377138,38.0,84.0,9.0,53.0,13.0,34.0,1.48,2.65,40.0,69278482
159,20,9/12/2022 10:34:21 AM,NC113,"Macon County, North Carolina",14802,PwF,"Plott fine sandy loam, high precipitation, 50 to 95 percent slopes, stony",63,545854,80,Plott,"high precipitation, stony",72.0,23377138,84.0,119.0,9.0,53.0,13.0,34.0,1.48,2.65,40.0,69278483
160,20,9/12/2022 10:34:21 AM,NC113,"Macon County, North Carolina",14802,PwF,"Plott fine sandy loam, high precipitation, 50 to 95 percent slopes, stony",63,545854,80,Plott,"high precipitation, stony",72.0,23377138,0.0,3.0,92.0,,,,0.1,1.8,,69278484
161,20,9/12/2022 10:34:21 AM,NC113,"Macon County, North Carolina",14802,ReA,"Reddies fine sandy loam, 0 to 3 percent slopes, frequently flooded",64,545855,5,Ela,undrained,1.0,23377015,0.0,38.0,28.0,32.3,11.5,56.2,1.4,,34.0,69278087
162,20,9/12/2022 10:34:21 AM,NC113,"Macon County, North Carolina",14802,ReA,"Reddies fine sandy loam, 0 to 3 percent slopes, frequently flooded",64,545855,5,Ela,undrained,1.0,23377015,38.0,71.0,28.0,65.7,11.5,22.8,1.4,,30.0,69278088
163,20,9/12/2022 10:34:21 AM,NC113,"Macon County, North Carolina",14802,ReA,"Reddies fine sandy loam, 0 to 3 percent slopes, frequently flooded",64,545855,5,Ela,undrained,1.0,23377015,71.0,203.0,92.0,66.9,10.0,23.1,1.5,,8.0,69278089
164,20,9/12/2022 10:34:21 AM,NC113,"Macon County, North Carolina",14802,ReA,"Reddies fine sandy loam, 0 to 3 percent slopes, frequently flooded",64,545855,80,Reddies,frequently flooded,2.0,23377016,0.0,36.0,28.0,67.5,11.5,21.0,1.4,,36.0,69278090
165,20,9/12/2022 10:34:21 AM,NC113,"Macon County, North Carolina",14802,ReA,"Reddies fine sandy loam, 0 to 3 percent slopes, frequently flooded",64,545855,80,Reddies,frequently flooded,2.0,23377016,36.0,66.0,28.0,67.5,11.5,21.0,1.45,,37.0,69278091
166,20,9/12/2022 10:34:21 AM,NC113,"Macon County, North Carolina",14802,ReA,"Reddies fine sandy loam, 0 to 3 percent slopes, frequently flooded",64,545855,80,Reddies,frequently flooded,2.0,23377016,66.0,203.0,92.0,95.5,3.0,1.5,1.5,,18.0,69278092
167,20,9/12/2022 10:34:21 AM,NC113,"Macon County, North Carolina",14802,RkF,"Rock outcrop-Cleveland complex, 30 to 95 percent slopes",66,545857,30,Cleveland,very bouldery,63.0,23377090,0.0,13.0,28.0,67.4,13.0,19.6,1.35,,38.0,69278346
168,20,9/12/2022 10:34:21 AM,NC113,"Macon County, North Carolina",14802,RkF,"Rock outcrop-Cleveland complex, 30 to 95 percent slopes",66,545857,30,Cleveland,very bouldery,63.0,23377090,13.0,36.0,28.0,67.4,13.0,19.6,1.35,,42.0,69278347
169,20,9/12/2022 10:34:21 AM,NC113,"Macon County, North Carolina",14802,RkF,"Rock outcrop-Cleveland complex, 30 to 95 percent slopes",66,545857,30,Cleveland,very bouldery,63.0,23377090,36.0,203.0,0.03,,,,,,,69278345
170,20,9/12/2022 10:34:21 AM,NC113,"Macon County, North Carolina",14802,RkF,"Rock outcrop-Cleveland complex, 30 to 95 percent slopes",66,545857,60,Rock outcrop,,,23377091,0.0,203.0,0.035,,,,,,,69278348
171,20,9/12/2022 10:34:21 AM,NC113,"Macon County, North Carolina",14802,SbC,"Saunook gravelly loam, 8 to 15 percent slopes, stony",68,545859,3,Nikwasi,frequently flooded,1.0,23377044,15.0,53.0,28.0,45.0,14.0,41.0,1.13,,47.0,69278177
172,20,9/12/2022 10:34:21 AM,NC113,"Macon County, North Carolina",14802,SbC,"Saunook gravelly loam, 8 to 15 percent slopes, stony",68,545859,3,Nikwasi,frequently flooded,1.0,23377044,53.0,71.0,92.0,82.0,4.0,14.0,1.6,,35.0,69278178
173,20,9/12/2022 10:34:21 AM,NC113,"Macon County, North Carolina",14802,SbC,"Saunook gravelly loam, 8 to 15 percent slopes, stony",68,545859,3,Nikwasi,frequently flooded,1.0,23377044,0.0,15.0,28.0,45.0,14.0,41.0,1.38,,38.0,69278179
174,20,9/12/2022 10:34:21 AM,NC113,"Macon County, North Carolina",14802,SbC,"Saunook gravelly loam, 8 to 15 percent slopes, stony",68,545859,3,Nikwasi,frequently flooded,1.0,23377044,71.0,203.0,92.0,85.0,5.0,10.0,1.56,,23.0,69278180
175,20,9/12/2022 10:34:21 AM,NC113,"Macon County, North Carolina",14802,SbC,"Saunook gravelly loam, 8 to 15 percent slopes, stony",68,545859,80,Saunook,stony,12.0,23377045,86.0,112.0,9.0,60.0,14.0,26.0,1.6,,25.0,69278181
176,20,9/12/2022 10:34:21 AM,NC113,"Macon County, North Carolina",14802,SbC,"Saunook gravelly loam, 8 to 15 percent slopes, stony",68,545859,80,Saunook,stony,12.0,23377045,25.0,86.0,9.0,35.0,29.0,36.0,1.52,,36.0,69278182
177,20,9/12/2022 10:34:21 AM,NC113,"Macon County, North Carolina",14802,SbC,"Saunook gravelly loam, 8 to 15 percent slopes, stony",68,545859,80,Saunook,stony,12.0,23377045,112.0,203.0,9.0,60.0,14.0,26.0,1.5,,19.0,69278183
178,20,9/12/2022 10:34:21 AM,NC113,"Macon County, North Carolina",14802,SbC,"Saunook gravelly loam, 8 to 15 percent slopes, stony",68,545859,80,Saunook,stony,12.0,23377045,0.0,25.0,28.0,45.0,14.0,41.0,1.38,,32.0,69278184
179,20,9/12/2022 10:34:21 AM,NC113,"Macon County, North Carolina",14802,SbD,"Saunook gravelly loam, 15 to 30 percent slopes, stony",69,545860,80,Saunook,,22.0,23377137,0.0,25.0,28.0,45.0,14.0,41.0,1.25,,36.0,69278475
180,20,9/12/2022 10:34:21 AM,NC113,"Macon County, North Carolina",14802,SbD,"Saunook gravelly loam, 15 to 30 percent slopes, stony",69,545860,80,Saunook,,22.0,23377137,86.0,112.0,9.0,60.0,14.0,26.0,1.6,,25.0,69278476
181,20,9/12/2022 10:34:21 AM,NC113,"Macon County, North Carolina",14802,SbD,"Saunook gravelly loam, 15 to 30 percent slopes, stony",69,545860,80,Saunook,,22.0,23377137,25.0,86.0,9.0,35.0,29.0,36.0,1.52,,36.0,69278477
182,20,9/12/2022 10:34:21 AM,NC113,"Macon County, North Carolina",14802,SbD,"Saunook gravelly loam, 15 to 30 percent slopes, stony",69,545860,80,Saunook,,22.0,23377137,112.0,203.0,9.0,60.0,14.0,26.0,1.5,,19.0,69278478
183,20,9/12/2022 10:34:21 AM,NC113,"Macon County, North Carolina",14802,SbE,"Saunook gravelly loam, 30 to 50 percent slopes, stony",70,545861,80,Saunook,stony,40.0,23377057,0.0,23.0,28.0,45.0,13.5,41.5,1.48,,27.0,69278223
184,20,9/12/2022 10:34:21 AM,NC113,"Macon County, North Carolina",14802,SbE,"Saunook gravelly loam, 30 to 50 percent slopes, stony",70,545861,80,Saunook,stony,40.0,23377057,23.0,86.0,9.0,37.9,26.5,35.6,1.4,,38.0,69278224
185,20,9/12/2022 10:34:21 AM,NC113,"Macon County, North Carolina",14802,SbE,"Saunook gravelly loam, 30 to 50 percent slopes, stony",70,545861,80,Saunook,stony,40.0,23377057,86.0,203.0,28.0,67.0,13.5,19.5,1.48,,28.0,69278225
186,20,9/12/2022 10:34:21 AM,NC113,"Macon County, North Carolina",14802,ScB,"Saunook loam, 2 to 8 percent slopes",71,545862,4,Nikwasi,frequently flooded,1.0,23377135,53.0,71.0,92.0,82.0,4.0,14.0,1.6,,35.0,69278467
187,20,9/12/2022 10:34:21 AM,NC113,"Macon County, North Carolina",14802,ScB,"Saunook loam, 2 to 8 percent slopes",71,545862,4,Nikwasi,frequently flooded,1.0,23377135,71.0,203.0,92.0,85.0,5.0,10.0,1.56,,23.0,69278468
188,20,9/12/2022 10:34:21 AM,NC113,"Macon County, North Carolina",14802,ScB,"Saunook loam, 2 to 8 percent slopes",71,545862,4,Nikwasi,frequently flooded,1.0,23377135,15.0,53.0,28.0,45.0,14.0,41.0,1.13,,47.0,69278469
189,20,9/12/2022 10:34:21 AM,NC113,"Macon County, North Carolina",14802,ScB,"Saunook loam, 2 to 8 percent slopes",71,545862,4,Nikwasi,frequently flooded,1.0,23377135,0.0,15.0,28.0,45.0,14.0,41.0,1.38,,38.0,69278470
190,20,9/12/2022 10:34:21 AM,NC113,"Macon County, North Carolina",14802,ScB,"Saunook loam, 2 to 8 percent slopes",71,545862,80,Saunook,,5.0,23377136,25.0,86.0,9.0,35.0,29.0,36.0,1.52,,36.0,69278471
191,20,9/12/2022 10:34:21 AM,NC113,"Macon County, North Carolina",14802,ScB,"Saunook loam, 2 to 8 percent slopes",71,545862,80,Saunook,,5.0,23377136,86.0,112.0,9.0,60.0,14.0,26.0,1.6,,25.0,69278472
192,20,9/12/2022 10:34:21 AM,NC113,"Macon County, North Carolina",14802,ScB,"Saunook loam, 2 to 8 percent slopes",71,545862,80,Saunook,,5.0,23377136,112.0,203.0,9.0,60.0,14.0,26.0,1.5,,19.0,69278473
193,20,9/12/2022 10:34:21 AM,NC113,"Macon County, North Carolina",14802,ScB,"Saunook loam, 2 to 8 percent slopes",71,545862,80,Saunook,,5.0,23377136,0.0,25.0,28.0,45.0,14.0,41.0,1.38,,36.0,69278474
194,20,9/12/2022 10:34:21 AM,NC113,"Macon County, North Carolina",14802,ScC,"Saunook loam, 8 to 15 percent slopes",72,545863,4,Nikwasi,frequently flooded,1.0,23377170,53.0,71.0,92.0,82.0,4.0,14.0,1.6,,35.0,69278566
195,20,9/12/2022 10:34:21 AM,NC113,"Macon County, North Carolina",14802,ScC,"Saunook loam, 8 to 15 percent slopes",72,545863,4,Nikwasi,frequently flooded,1.0,23377170,71.0,203.0,92.0,85.0,5.0,10.0,1.56,,23.0,69278567
196,20,9/12/2022 10:34:21 AM,NC113,"Macon County, North Carolina",14802,ScC,"Saunook loam, 8 to 15 percent slopes",72,545863,4,Nikwasi,frequently flooded,1.0,23377170,15.0,53.0,28.0,45.0,14.0,41.0,1.13,,47.0,69278568
197,20,9/12/2022 10:34:21 AM,NC113,"Macon County, North Carolina",14802,ScC,"Saunook loam, 8 to 15 percent slopes",72,545863,4,Nikwasi,frequently flooded,1.0,23377170,0.0,15.0,28.0,45.0,14.0,41.0,1.38,,38.0,69278569
198,20,9/12/2022 10:34:21 AM,NC113,"Macon County, North Carolina",14802,ScC,"Saunook loam, 8 to 15 percent slopes",72,545863,80,Saunook,,12.0,23377171,25.0,86.0,9.0,35.0,29.0,36.0,1.52,,36.0,69278570
199,20,9/12/2022 10:34:21 AM,NC113,"Macon County, North Carolina",14802,ScC,"Saunook loam, 8 to 15 percent slopes",72,545863,80,Saunook,,12.0,23377171,86.0,112.0,9.0,60.0,14.0,26.0,1.6,,25.0,69278571
200,20,9/12/2022 10:34:21 AM,NC113,"Macon County, North Carolina",14802,ScC,"Saunook loam, 8 to 15 percent slopes",72,545863,80,Saunook,,12.0,23377171,112.0,203.0,9.0,60.0,14.0,26.0,1.5,,19.0,69278572
201,20,9/12/2022 10:34:21 AM,NC113,"Macon County, North Carolina",14802,ScC,"Saunook loam, 8 to 15 percent slopes",72,545863,80,Saunook,,12.0,23377171,0.0,25.0,28.0,45.0,14.0,41.0,1.38,,36.0,69278573
202,20,9/12/2022 10:34:21 AM,NC113,"Macon County, North Carolina",14802,TrE,"Trimont gravelly loam, 30 to 50 percent slopes, stony",83,545874,85,Trimont,stony,40.0,23377106,0.0,23.0,28.0,44.8,14.0,41.2,1.48,,29.0,69278388
203,20,9/12/2022 10:34:21 AM,NC113,"Macon County, North Carolina",14802,TrE,"Trimont gravelly loam, 30 to 50 percent slopes, stony",83,545874,85,Trimont,stony,40.0,23377106,23.0,114.0,9.0,55.8,26.5,17.7,1.4,,40.0,69278389
204,20,9/12/2022 10:34:21 AM,NC113,"Macon County, North Carolina",14802,TrE,"Trimont gravelly loam, 30 to 50 percent slopes, stony",83,545874,85,Trimont,stony,40.0,23377106,114.0,203.0,9.0,69.6,14.0,16.4,1.53,,35.0,69278390
205,20,9/12/2022 10:34:21 AM,NC113,"Macon County, North Carolina",14802,TrF,"Trimont gravelly loam, 50 to 95 percent slopes, stony",84,545875,80,Trimont,stony,63.0,23377058,0.0,23.0,28.0,44.8,14.0,41.2,1.48,,29.0,69278226
206,20,9/12/2022 10:34:21 AM,NC113,"Macon County, North Carolina",14802,TrF,"Trimont gravelly loam, 50 to 95 percent slopes, stony",84,545875,80,Trimont,stony,63.0,23377058,23.0,114.0,9.0,55.8,26.5,17.7,1.4,,40.0,69278227
207,20,9/12/2022 10:34:21 AM,NC113,"Macon County, North Carolina",14802,TrF,"Trimont gravelly loam, 50 to 95 percent slopes, stony",84,545875,80,Trimont,stony,63.0,23377058,114.0,203.0,9.0,69.6,14.0,16.4,1.53,,35.0,69278228
208,20,9/12/2022 10:34:21 AM,NC113,"Macon County, North Carolina",14802,TsC,"Tuckasegee-Cullasaja complex, 8 to 15 percent slopes, stony",85,545876,30,Cullasaja,stony,12.0,23377059,0.0,43.0,28.0,55.8,26.5,17.7,0.85,,38.0,69278229
209,20,9/12/2022 10:34:21 AM,NC113,"Macon County, North Carolina",14802,TsC,"Tuckasegee-Cullasaja complex, 8 to 15 percent slopes, stony",85,545876,30,Cullasaja,stony,12.0,23377059,43.0,81.0,28.0,70.9,12.5,16.6,1.3,,30.0,69278230
210,20,9/12/2022 10:34:21 AM,NC113,"Macon County, North Carolina",14802,TsC,"Tuckasegee-Cullasaja complex, 8 to 15 percent slopes, stony",85,545876,30,Cullasaja,stony,12.0,23377059,81.0,203.0,28.0,82.5,8.5,9.0,1.3,,23.0,69278231
211,20,9/12/2022 10:34:21 AM,NC113,"Macon County, North Carolina",14802,TsC,"Tuckasegee-Cullasaja complex, 8 to 15 percent slopes, stony",85,545876,50,Tuckasegee,stony,12.0,23377060,0.0,33.0,28.0,68.0,16.0,16.0,1.03,,44.0,69278232
212,20,9/12/2022 10:34:21 AM,NC113,"Macon County, North Carolina",14802,TsC,"Tuckasegee-Cullasaja complex, 8 to 15 percent slopes, stony",85,545876,50,Tuckasegee,stony,12.0,23377060,33.0,66.0,28.0,68.0,16.0,16.0,1.2,,44.0,69278233
213,20,9/12/2022 10:34:21 AM,NC113,"Macon County, North Carolina",14802,TsC,"Tuckasegee-Cullasaja complex, 8 to 15 percent slopes, stony",85,545876,50,Tuckasegee,stony,12.0,23377060,66.0,119.0,28.0,59.9,22.0,18.1,1.35,,32.0,69278234
214,20,9/12/2022 10:34:21 AM,NC113,"Macon County, North Carolina",14802,TsC,"Tuckasegee-Cullasaja complex, 8 to 15 percent slopes, stony",85,545876,50,Tuckasegee,stony,12.0,23377060,119.0,203.0,28.0,60.6,21.0,18.4,1.35,,31.0,69278235
215,20,9/12/2022 10:34:21 AM,NC113,"Macon County, North Carolina",14802,TwC,"Tuckasegee-Whiteside complex, 8 to 15 percent slopes",87,545878,5,Sylva,undrained,2.0,23377064,0.0,20.0,28.0,45.3,11.5,43.2,1.4,,36.0,69278247
216,20,9/12/2022 10:34:21 AM,NC113,"Macon County, North Carolina",14802,TwC,"Tuckasegee-Whiteside complex, 8 to 15 percent slopes",87,545878,5,Sylva,undrained,2.0,23377064,20.0,81.0,28.0,45.3,11.5,43.2,1.45,,38.0,69278248
217,20,9/12/2022 10:34:21 AM,NC113,"Macon County, North Carolina",14802,TwC,"Tuckasegee-Whiteside complex, 8 to 15 percent slopes",87,545878,5,Sylva,undrained,2.0,23377064,135.0,203.0,23.0,84.1,14.0,1.9,1.45,,38.0,69278249
218,20,9/12/2022 10:34:21 AM,NC113,"Macon County, North Carolina",14802,TwC,"Tuckasegee-Whiteside complex, 8 to 15 percent slopes",87,545878,5,Sylva,undrained,2.0,23377064,81.0,135.0,28.0,84.1,14.0,1.9,1.45,,42.0,69278250
219,20,9/12/2022 10:34:21 AM,NC113,"Macon County, North Carolina",14802,TwC,"Tuckasegee-Whiteside complex, 8 to 15 percent slopes",87,545878,50,Tuckasegee,,12.0,23377065,0.0,33.0,28.0,68.0,16.0,16.0,1.03,,45.0,69278251
220,20,9/12/2022 10:34:21 AM,NC113,"Macon County, North Carolina",14802,TwC,"Tuckasegee-Whiteside complex, 8 to 15 percent slopes",87,545878,50,Tuckasegee,,12.0,23377065,33.0,66.0,28.0,65.1,19.0,15.9,1.2,,44.0,69278252
221,20,9/12/2022 10:34:21 AM,NC113,"Macon County, North Carolina",14802,TwC,"Tuckasegee-Whiteside complex, 8 to 15 percent slopes",87,545878,50,Tuckasegee,,12.0,23377065,66.0,119.0,28.0,65.1,19.0,15.9,1.35,,32.0,69278253
222,20,9/12/2022 10:34:21 AM,NC113,"Macon County, North Carolina",14802,TwC,"Tuckasegee-Whiteside complex, 8 to 15 percent slopes",87,545878,50,Tuckasegee,,12.0,23377065,119.0,203.0,28.0,63.4,20.0,16.6,1.35,,31.0,69278254
223,20,9/12/2022 10:34:21 AM,NC113,"Macon County, North Carolina",14802,TwC,"Tuckasegee-Whiteside complex, 8 to 15 percent slopes",87,545878,30,Whiteside,,12.0,23377066,0.0,28.0,28.0,45.3,11.5,43.2,1.4,,36.0,69278255
224,20,9/12/2022 10:34:21 AM,NC113,"Macon County, North Carolina",14802,TwC,"Tuckasegee-Whiteside complex, 8 to 15 percent slopes",87,545878,30,Whiteside,,12.0,23377066,28.0,94.0,9.0,39.8,22.5,37.7,1.45,,38.0,69278256
225,20,9/12/2022 10:34:21 AM,NC113,"Macon County, North Carolina",14802,TwC,"Tuckasegee-Whiteside complex, 8 to 15 percent slopes",87,545878,30,Whiteside,,12.0,23377066,94.0,152.0,23.0,64.8,19.0,16.2,1.48,,37.0,69278257
226,20,9/12/2022 10:34:21 AM,NC113,"Macon County, North Carolina",14802,UfB,"Udorthents-Urban land complex, 0 to 5 percent slopes, rarely flooded",89,545882,30,Urban land,rarely flooded,,23377067,,,,,,,,,,-1
227,20,9/12/2022 10:34:21 AM,NC113,"Macon County, North Carolina",14802,UfB,"Udorthents-Urban land complex, 0 to 5 percent slopes, rarely flooded",89,545882,60,Udorthents,rarely flooded,3.0,23377068,0.0,203.0,28.0,45.3,11.5,43.2,1.53,,28.0,69278258
228,20,9/12/2022 10:34:21 AM,NC113,"Macon County, North Carolina",14802,WeC,"Wayah sandy loam, windswept, 8 to 15 percent slopes, stony",91,545885,85,Wayah,windswept,12.0,23377108,0.0,38.0,28.0,65.7,11.5,22.8,1.1,,44.0,69278392
229,20,9/12/2022 10:34:21 AM,NC113,"Macon County, North Carolina",14802,WeC,"Wayah sandy loam, windswept, 8 to 15 percent slopes, stony",91,545885,85,Wayah,windswept,12.0,23377108,38.0,94.0,28.0,65.7,11.5,22.8,1.4,,34.0,69278393
230,20,9/12/2022 10:34:21 AM,NC113,"Macon County, North Carolina",14802,WeC,"Wayah sandy loam, windswept, 8 to 15 percent slopes, stony",91,545885,85,Wayah,windswept,12.0,23377108,94.0,203.0,28.0,82.2,9.0,8.8,1.53,,28.0,69278394
231,20,9/12/2022 10:34:21 AM,NC113,"Macon County, North Carolina",14802,WeD,"Wayah sandy loam, windswept, 15 to 30 percent slopes, stony",92,545886,85,Wayah,windswept,23.0,23377152,94.0,203.0,28.0,82.2,9.0,8.8,1.53,,27.0,69278521
232,20,9/12/2022 10:34:21 AM,NC113,"Macon County, North Carolina",14802,WeD,"Wayah sandy loam, windswept, 15 to 30 percent slopes, stony",92,545886,85,Wayah,windswept,23.0,23377152,0.0,38.0,28.0,65.7,11.5,22.8,1.1,,42.0,69278522
233,20,9/12/2022 10:34:21 AM,NC113,"Macon County, North Carolina",14802,WeD,"Wayah sandy loam, windswept, 15 to 30 percent slopes, stony",92,545886,85,Wayah,windswept,23.0,23377152,38.0,94.0,28.0,65.7,11.5,22.8,1.4,,30.0,69278523
234,20,9/12/2022 10:34:21 AM,NC113,"Macon County, North Carolina",14802,WeE,"Wayah sandy loam, windswept, 30 to 50 percent slopes, stony",93,545887,85,Wayah,windswept,40.0,23377023,0.0,38.0,28.0,65.7,11.5,22.8,1.1,,42.0,69278108
235,20,9/12/2022 10:34:21 AM,NC113,"Macon County, North Carolina",14802,WeE,"Wayah sandy loam, windswept, 30 to 50 percent slopes, stony",93,545887,85,Wayah,windswept,40.0,23377023,38.0,94.0,28.0,65.7,11.5,22.8,1.4,,30.0,69278109
236,20,9/12/2022 10:34:21 AM,NC113,"Macon County, North Carolina",14802,WeE,"Wayah sandy loam, windswept, 30 to 50 percent slopes, stony",93,545887,85,Wayah,windswept,40.0,23377023,94.0,203.0,28.0,82.2,9.0,8.8,1.53,,27.0,69278110
